ATTTAGAGGAAGTAAAAGTCGTAACAAGGTTTCCGTAGGTGAACCTGCGGAAGGATCATT,60,2,78.15707604224401
CATTTAGAGGAAGTAAAAGTCGTAACAAGGTTTCCGTAGGTGAACCTGCGGAAGGATCAT,60,2,78.15707604224401
TCATTTAGAGGAAGTAAAAGTCGTAACAAGGTTTCCGTAGGTGAACCTGCGGAAGGATCA,60,2,78.15707604224401
TTTAGAGGAAGTAAAAGTCGTAACAAGGTTTCCGTAGGTGAACCTGCGGAAGGATCATTA,60,2,78.15707604224401
TAGAGGAAGTAAAAGTCGTAACAAGGTTTCCGTAGGTGAACCTGCGGAAGGATCATTAT,59,2,76.7609293846811
GAGGAAGTAAAAGTCGTAACAAGGTTTCCGTAGGTGAACCTGCGGAAGGATCATTAT,57,2,73.96892257658423
GGAAGTAAAAGTCGTAACAAGGTTTCCGTAGGTGAACCTGCGGAAGGATCATTAT,55,2,71.17728565937375
AGTAAAAGTCGTAACAAGGTTTCCGTAGGTGAACCTGCGGAAGGATCATTAT,52,2,66.99049378789701
AAAAGTCGTAACAAGGTTTCCGTAGGTGAACCTGCGGAAGGATCATTAT,49,2,62.80445971547138
AAAGTCGTAACAAGGTTTCCGTAGGTGAACCTGCGGAAGGATCATTAT,48,2,61.40927640693425
AAGTCGTAACAAGGTTTCCGTAGGTGAACCTGCGGAAGGATCATTAT,47,2,60.0141714161322
AGTCGTAACAAGGTTTCCGTAGGTGAACCTGCGGAAGGATCATTAT,46,2,58.619143375043556
GTCGTAACAAGGTTTCCGTAGGTGAACCTGCGGAAGGATCATTAT,45,2,57.224190951180546
TCGTAACAAGGTTTCCGTAGGTGAACCTGCGGAAGGATCATTAT,44,2,55.82931284636927
GTAACAAGGTTTCCGTAGGTGAACCTGCGGAAGGATCATTAT,42,2,53.03977456581571
TAACAAGGTTTCCGTAGGTGAACCTGCGGAAGGATCATTAT,41,2,51.64511195502531
AACAAGGTTTCCGTAGGTGAACCTGCGGAAGGATCATTAT,40,2,50.25051879109072
ACAAGGTTTCCGTAGGTGAACCTGCGGAAGGATCATTAT,39,2,48.855993930834316
CAAGGTTTCCGTAGGTGAACCTGCGGAAGGATCATTAT,38,2,47.46153625907526
AAGGTTTCCGTAGGTGAACCTGCGGAAGGATCATTAT,37,2,46.06714468772275
GGTTTCCGTAGGTGAACCTGCGGAAGGATCATTAT,35,2,43.27855562413653
GTTTCCGTAGGTGAACCTGCGGAAGGATCATTAT,34,2,41.88435608350952
TTTCCGTAGGTGAACCTGCGGAAGGATCATTAT,33,2,40.49021854492861
TTCCGTAGGTGAACCTGCGGAAGGATCATTAT,32,2,39.09614204336666
TCCGTAGGTGAACCTGCGGAAGGATCATTAT,31,2,37.702125636152864
CCGTAGGTGAACCTGCGGAAGGATCATTAT,30,2,36.3081684022874
CGTAGGTGAACCTGCGGAAGGATCATTAT,29,2,34.914269441782295
GTAGGTGAACCTGCGGAAGGATCATTAT,28,2,33.52042787502702
GTGAACCTGCGGAAGGATCATTATCGA,27,2,32.12664284217797
TAGGTGAACCTGCGGAAGGATCATTAT,27,2,32.12664284217797
AGGTGAACCTGCGGAAGGATCATTAT,26,2,30.73291350257056
TGAACCTGCGGAAGGATCATTATCGA,26,2,30.73291350257056
GAACCTGCGGAAGGATCATTATCGA,25,2,29.33923903415305
GGTGAACCTGCGGAAGGATCATTAT,25,2,29.33923903415305
AACCTGCGGAAGGATCATTATCGA,24,2,27.945618632941084
ACCTGCGGAAGGATCATTATCGA,23,2,26.552051512492117
CCTGCGGAAGGATCATTATCGA,22,2,25.158536903398737
CTGCGGAAGGATCATTATCGA,21,2,23.765074052800234
TGCGGAAGGATCATTATCGA,20,2,22.37166222391148
GCGGAAGGATCATTATCGA,19,2,20.978300695568496
CGGAAGGATCATTATCGA,18,2,19.58498876178996
GGAAGGATCATTATCGA,17,2,18.191725731353976
GAAGGATCATTATCGA,16,2,16.79851092738951
AAGGATCATTATCGA,15,2,15.405343686981858
AGGATCATTATCGA,14,2,14.012223360791568
GGATCATTATCGA,13,2,12.619149312686298
AAACTCTAGTGT,12,2,11.226120919385064
GATCATTATCGA,12,2,11.226120919385064
AACTCTAGTGT,11,2,9.833137570114376
ATCATTATCGA,11,2,9.833137570114376
ACTCTAGTGT,10,2,8.440198666275817
CACACCTGTG,10,2,8.440198666275817
TCATTATCGA,10,2,8.440198666275817
ACACCTGTG,9,2,7.047303621124574
CATTATCGA,9,2,7.047303621124574
CCTGTGAAC,9,2,7.047303621124574
CTCTAGTGT,9,2,7.047303621124574
ATTATCGA,8,2,5.654451859458526
CACCTGTG,8,2,5.654451859458526
CTGTGAAC,8,2,5.654451859458526
TCTAGTGT,8,2,5.654451859458526
TGTCGTCT,8,2,5.654451859458526
AACTTCT,7,2,4.2616428173174405
ACCTGTG,7,2,4.2616428173174405
CGTCGTC,7,2,4.2616428173174405
CTAGTGT,7,2,4.2616428173174405
CTGTGCA,7,2,4.2616428173174405
GTCGTCT,7,2,4.2616428173174405
TGTGAAC,7,2,4.2616428173174405
TTATCGA,7,2,4.2616428173174405
CTTCTC,6,3,3.274341049800097
ACACAC,6,2,2.8688759416919325
ACTTCT,6,2,2.8688759416919325
AGTGTT,6,2,2.8688759416919325
GTCTTA,6,2,2.8688759416919325
GTTATA,6,2,2.8688759416919325
TAGTGT,6,2,2.8688759416919325
TATCGA,6,2,2.8688759416919325
TCGTCT,6,2,2.8688759416919325
TGAACT,6,2,2.8688759416919325
TGTGCA,6,2,2.8688759416919325
TTCTC,5,3,1.881615798349916
TTAG,4,3,1.556193397915288
AGAG,4,3,1.5439233053234738
GCAA,4,2,1.5378442592470916
TAAA,4,3,1.4962952563342191
ATCGA,5,2,1.4761506902417518
CGTCT,5,2,1.4761506902417518
CTCTT,5,2,1.4761506902417518
GAACT,5,2,1.4761506902417518
GTCTA,5,2,1.4761506902417518
GTGTT,5,2,1.4761506902417518
GTTGG,5,2,1.4761506902417518
TACAC,5,2,1.4761506902417518
TCTTA,5,2,1.4761506902417518
TGTTG,5,2,1.4761506902417518
TTATA,5,2,1.4761506902417518
TTGAA,5,2,1.4761506902417518
CGAA,4,1,1.3707901745839255
AAGA,4,1,1.3404848250885963
GAGC,4,1,1.311070939882303
CAAC,4,1,1.2685113254635072
ATAC,4,2,1.2615908826189333
CATA,4,2,1.2343783190940487
ATAA,4,2,1.2276893309432522
AGCA,4,2,1.1884686177899706
ACCC,4,1,1.102526187989246
ACTG,4,1,1.0018826622095585
TATA,4,3,0.8975865426075189
GGAC,4,1,0.8817383503674953
GACG,4,1,0.8723486100176562
CGCA,4,1,0.8538295622504188
GAAA,4,2,0.8311528535793891
AATA,4,1,0.8266785731844679
CAAT,4,3,0.8002453161163124
GTCA,4,1,0.6776429940239801
AGTT,4,3,0.6750821731623065
TCAA,4,1,0.6699801212784109
CCCT,4,2,0.6661705928617432
AATG,4,1,0.6548283162578087
ATGA,4,1,0.6473376445286511
CTTA,4,2,0.6251965186514375
TACC,4,1,0.5615708227712259
ACCA,4,1,0.5547448577008262
CCAT,4,1,0.5479651707154475
TGTA,4,2,0.5312143602906321
AAGC,4,1,0.5017523275603158
ATAT,4,2,0.4889316391312545
TCGA,4,2,0.415278729556489
GCAT,4,2,0.3302416868705768
TTCA,4,2,0.3221225624320727
ACGC,4,2,0.2981533723190763
TATT,4,1,0.1561057146630616
ATTG,4,1,0.15154989812720088
TTGT,4,2,0.12685728553682943
CTAA,4,1,0.10709813555636712
TAAG,4,1,0.10275973395776894
TTTT,4,1,0.08559193033540353
TTAA,4,1,0.0771173033444312
AAAT,4,0,0
AACG,4,0,0
AATT,4,0,0
ACAG,4,0,0
ACGA,4,0,0
ACGG,4,0,0
ACGT,4,0,0
ACTA,4,0,0
AGAA,4,0,0
AGAC,4,0,0
AGAT,4,0,0
AGCC,4,0,0
AGCG,4,0,0
AGGC,4,0,0
AGGG,4,0,0
ATAG,4,0,0
ATCT,4,0,0
ATGC,4,0,0
ATGG,4,0,0
CAGA,4,0,0
CAGG,4,0,0
CAGT,4,0,0
CATC,4,0,0
CATG,4,0,0
CCCA,4,0,0
CCCC,4,0,0
CCCG,4,0,0
CCGA,4,0,0
CCTA,4,0,0
CCTC,4,0,0
CGAC,4,0,0
CGAT,4,0,0
CGCG,4,0,0
CGGC,4,0,0
CGGT,4,0,0
CGTT,4,0,0
CTAC,4,0,0
CTGA,4,0,0
GAAT,4,0,0
GACA,4,0,0
GACC,4,0,0
GAGA,4,0,0
GATA,4,0,0
GATG,4,0,0
GATT,4,0,0
GCAG,4,0,0
GCCA,4,0,0
GCCC,4,0,0
GCGC,4,0,0
GCGT,4,0,0
GCTA,4,0,0
GCTT,4,0,0
GGAG,4,0,0
GGCA,4,0,0
GGCC,4,0,0
GGGA,4,0,0
GGTA,4,0,0
GTGG,4,0,0
GTTC,4,0,0
TAAT,4,0,0
TACG,4,0,0
TACT,4,0,0
TAGC,4,0,0
TCAG,4,0,0
TGAG,4,0,0
TGAT,4,0,0
TGCT,4,0,0
TGGA,4,0,0
TGGT,4,0,0
